200,[1237]
200,[1237]
200,[1237]
200,[1237]
200,[1237]
200,[1237]
200,[1237]
200,[1237]
200,[1237]
200,[1237]
200,[1237]
200,[1237]
200,[1237]
200,[1237]
200,[1237]
200,[1237]
200,[1237]
200,[1237]
200,[1237]
200,[1237]
200,[1237]
200,[1237]
200,[1237]
200,[1237]
200,[1237]
200,[1237]
200,[1237]
200,[1237]
200,[1237]
200,[1237]
200,"[1030, 1544]"
200,"[1030, 1544]"
200,"[1030, 1544]"
200,"[1030, 1544]"
200,"[1030, 1544]"
200,"[1030, 1544]"
200,"[1030, 1544]"
200,"[1030, 1544]"
200,"[1030, 1544]"
200,"[1030, 1544]"
200,"[1030, 1544]"
200,"[1030, 1544]"
200,"[1030, 1544]"
200,"[1030, 1544]"
200,"[1030, 1544]"
200,"[1030, 1544]"
200,"[1030, 1544]"
200,"[1030, 1544]"
200,"[1030, 1544]"
200,"[1030, 1544]"
200,"[1030, 1544]"
200,"[1030, 1544]"
200,"[1030, 1544]"
200,"[1030, 1544]"
200,"[1030, 1544]"
200,"[1030, 1544]"
200,"[1030, 1544]"
200,"[1030, 1544]"
200,"[1030, 1544]"
200,"[1030, 615]"
200,"[2239, 3899]"
200,"[2239, 3899]"
200,"[2239, 3899]"
200,"[2239, 3899]"
200,"[2239, 3899]"
200,"[2239, 3899]"
200,"[2239, 3899]"
200,"[2239, 3899]"
200,"[2239, 3899]"
200,"[2239, 3899]"
200,"[2239, 3899]"
200,"[2239, 3899]"
200,"[2239, 3899]"
200,"[2239, 3899]"
200,"[2239, 3899]"
200,"[2239, 3899]"
200,"[2239, 3899]"
200,"[2239, 3899]"
200,"[2239, 3899]"
200,"[2239, 3899]"
200,"[2239, 3899]"
200,"[2239, 3899]"
200,"[2239, 3899]"
200,"[2239, 3899]"
200,"[2239, 3899]"
200,"[2239, 3899]"
200,"[2239, 3899]"
200,"[2239, 3899]"
200,"[2239, 3899]"
200,"[2239, 679]"
200,"[248, 1868]"
200,"[248, 1868]"
200,"[248, 1868]"
200,"[248, 1868]"
200,"[248, 1868]"
200,"[248, 1868]"
200,"[248, 1868]"
200,"[248, 1868]"
200,"[248, 1868]"
200,"[248, 1868]"
200,"[248, 1868]"
200,"[248, 1868]"
200,"[248, 1868]"
200,"[248, 1868]"
200,"[248, 1868]"
200,"[248, 1868]"
200,"[248, 1868]"
200,"[248, 1868]"
200,"[248, 1868]"
200,"[248, 1868]"
200,"[248, 1868]"
200,"[248, 1868]"
200,"[248, 1868]"
200,"[248, 1868]"
200,"[248, 1868]"
200,"[248, 1868]"
200,"[248, 1868]"
200,"[248, 1868]"
200,"[248, 1868]"
200,"[248, 376]"
200,"[3636, 376]"
200,"[3636, 376]"
200,"[3636, 376]"
200,"[3636, 376]"
200,"[3636, 376]"
200,"[3636, 376]"
200,"[3636, 376]"
200,"[3636, 376]"
200,"[3636, 376]"
200,"[3636, 376]"
200,"[3636, 376]"
200,"[3636, 376]"
200,"[3636, 376]"
200,"[3636, 376]"
200,"[3636, 376]"
200,"[3636, 376]"
200,"[3636, 376]"
200,"[3636, 376]"
200,"[3636, 376]"
200,"[3636, 376]"
200,"[3636, 376]"
200,"[3636, 376]"
200,"[3636, 376]"
200,"[3636, 376]"
200,"[3636, 376]"
200,"[3636, 376]"
200,"[3636, 376]"
200,"[3636, 376]"
200,"[3636, 3277]"
200,"[3636, 3277]"
200,"[3925, 4101]"
200,"[3925, 4101]"
200,"[3925, 4101]"
200,"[3925, 4101]"
200,"[3925, 4101]"
200,"[3925, 4101]"
200,"[3925, 4101]"
200,"[3925, 4101]"
200,"[3925, 4101]"
200,"[3925, 4101]"
200,"[3925, 4101]"
200,"[3925, 4101]"
200,"[3925, 4101]"
200,"[3925, 4101]"
200,"[3925, 4101]"
200,"[3925, 4101]"
200,"[3925, 4101]"
200,"[3925, 4101]"
200,"[3925, 4101]"
200,"[3925, 4101]"
200,"[3925, 4101]"
200,"[3925, 4101]"
200,"[3925, 4101]"
200,"[3925, 4101]"
200,"[3925, 4101]"
200,"[3925, 4101]"
200,"[3925, 4101]"
200,"[3925, 4101]"
200,"[3925, 896]"
200,"[3925, 896]"
200,"[401, 896]"
200,"[401, 896]"
200,"[401, 896]"
200,"[401, 896]"
200,"[401, 896]"
200,"[401, 896]"
200,"[401, 896]"
200,"[401, 896]"
200,"[401, 896]"
200,"[401, 896]"
200,"[401, 896]"
200,"[401, 896]"
200,"[401, 896]"
200,"[401, 896]"
200,"[401, 896]"
200,"[401, 896]"
200,"[401, 896]"
200,"[401, 896]"
200,"[401, 896]"
200,"[401, 896]"
200,"[401, 896]"
200,"[401, 896]"
200,"[401, 896]"
200,"[401, 896]"
200,"[401, 896]"
200,"[401, 896]"
200,"[401, 3277, 615]"
200,"[401, 3277, 615]"
200,"[401, 3277, 615]"
200,"[401, 3277, 615]"
200,[4089]
200,[4089]
200,[4089]
200,[4089]
200,[4089]
200,[4089]
200,[4089]
200,[4089]
200,[4089]
200,[4089]
200,[4089]
200,[4089]
200,[4089]
200,[4089]
200,[4089]
200,[4089]
200,[4089]
200,[4089]
200,[4089]
200,[4089]
200,[4089]
200,[4089]
200,[4089]
200,[4089]
200,[4089]
200,[4089]
200,[4089]
200,[4089]
200,[4089]
200,[3187]
200,[3187]
200,[3187]
200,[3187]
200,[3187]
200,[3187]
200,[3187]
200,[3187]
200,[3187]
200,[3187]
200,[3187]
200,[3187]
200,[3187]
200,[3187]
200,[3187]
200,[3187]
200,[3187]
200,[3187]
200,[3187]
200,[3187]
200,[3187]
200,[3187]
200,[3187]
200,[3187]
200,[3187]
200,[3187]
200,[3187]
200,[3187]
200,[3187]
200,"[890, 615]"
200,"[890, 615]"
200,"[890, 615]"
200,"[890, 615]"
200,"[890, 615]"
200,"[890, 615]"
200,"[890, 615]"
200,"[890, 615]"
200,"[890, 615]"
200,"[890, 615]"
200,"[890, 615]"
200,"[890, 615]"
200,"[890, 615]"
200,"[890, 615]"
200,"[890, 615]"
200,"[890, 615]"
200,"[890, 615]"
200,"[890, 615]"
200,"[890, 615]"
200,"[890, 615]"
200,"[890, 615]"
200,"[890, 615]"
200,"[890, 615]"
200,"[890, 615]"
200,"[890, 3768]"
200,"[890, 3768]"
200,"[890, 3768]"
200,"[890, 3768]"
200,"[890, 3768]"
200,"[554, 4891]"
200,"[554, 4891]"
200,"[554, 4891]"
200,"[554, 4891]"
200,"[554, 4891]"
200,"[554, 4891]"
200,"[554, 4891]"
200,"[554, 4891]"
200,"[554, 4891]"
200,"[554, 4891]"
200,"[554, 4891]"
200,"[554, 4891]"
200,"[554, 4891]"
200,"[554, 4891]"
200,"[554, 4891]"
200,"[554, 4891]"
200,"[554, 4891]"
200,"[554, 4891]"
200,"[554, 4891]"
200,"[554, 4891]"
200,"[554, 4891]"
200,"[554, 4891]"
200,"[554, 4891]"
200,"[554, 4891]"
200,"[554, 4891]"
200,"[554, 4891]"
200,"[554, 4891]"
200,"[554, 4891]"
200,"[554, 4891]"
198,"[554, 3277, 3768]"
200,"[1463, 2415]"
200,"[1463, 2415]"
200,"[1463, 2415]"
200,"[1463, 2415]"
200,"[1463, 2415]"
200,"[1463, 2415]"
200,"[1463, 2415]"
200,"[1463, 2415]"
200,"[1463, 2415]"
200,"[1463, 2415]"
200,"[1463, 2415]"
200,"[1463, 2415]"
200,"[1463, 2415]"
200,"[1463, 2415]"
200,"[1463, 2415]"
200,"[1463, 2415]"
200,"[1463, 2415]"
200,"[1463, 2415]"
200,"[1463, 2415]"
200,"[1463, 2415]"
200,"[1463, 2415]"
200,"[1463, 2415]"
200,"[1463, 2415]"
200,"[1463, 2415]"
200,"[1463, 2415]"
200,"[1463, 2415]"
200,"[1463, 2415]"
200,"[1463, 2415]"
200,"[1463, 3277, 679]"
200,"[1463, 3277, 679]"
200,"[1905, 4901]"
200,"[1905, 4901]"
200,"[1905, 4901]"
200,"[1905, 4901]"
200,"[1905, 4901]"
200,"[1905, 4901]"
200,"[1905, 4901]"
200,"[1905, 4901]"
200,"[1905, 4901]"
200,"[1905, 4901]"
200,"[1905, 4901]"
200,"[1905, 4901]"
200,"[1905, 4901]"
200,"[1905, 4901]"
200,"[1905, 4901]"
200,"[1905, 4901]"
200,"[1905, 4901]"
200,"[1905, 4901]"
200,"[1905, 4901]"
200,"[1905, 4901]"
200,"[1905, 4901]"
200,"[1905, 4901]"
200,"[1905, 4901]"
200,"[1905, 4901]"
200,"[1905, 4901]"
200,"[1905, 4901]"
200,"[1905, 4901]"
200,"[1905, 4901]"
200,"[1905, 4901]"
200,"[1905, 4901]"
200,"[3564, 679]"
200,"[3564, 679]"
200,"[3564, 679]"
200,"[3564, 679]"
200,"[3564, 679]"
200,"[3564, 679]"
200,"[3564, 679]"
200,"[3564, 679]"
200,"[3564, 679]"
200,"[3564, 679]"
200,"[3564, 679]"
200,"[3564, 679]"
200,"[3564, 679]"
200,"[3564, 679]"
200,"[3564, 679]"
200,"[3564, 679]"
200,"[3564, 679]"
200,"[3564, 679]"
200,"[3564, 679]"
200,"[3564, 679]"
200,"[3564, 679]"
200,"[3564, 679]"
200,"[3564, 679]"
200,"[3564, 679]"
200,"[3564, 2838]"
200,"[3564, 2838]"
200,"[3564, 2838]"
200,"[3564, 2838]"
200,"[3564, 2838]"
200,"[2561, 3277]"
200,"[2561, 3277]"
200,"[2561, 3277]"
200,"[2561, 3277]"
200,"[2561, 3277]"
200,"[2561, 3277]"
200,"[2561, 3277]"
200,"[2561, 3277]"
200,"[2561, 3277]"
200,"[2561, 3277]"
200,"[2561, 3277]"
200,"[2561, 3277]"
200,"[2561, 3277]"
200,"[2561, 3277]"
200,"[2561, 3277]"
200,"[2561, 3277]"
200,"[2561, 3277]"
200,"[2561, 3277]"
200,"[2561, 3277]"
200,"[2561, 3277]"
200,"[2561, 3829]"
200,"[2561, 3829]"
200,"[2561, 3829]"
200,"[2561, 3829]"
200,"[2561, 3829]"
200,"[2561, 3829]"
200,"[2561, 3829]"
200,"[2561, 3829]"
200,"[2561, 3829]"
200,"[2953, 3829]"
200,"[2953, 3829]"
200,"[2953, 3829]"
200,"[2953, 3829]"
200,"[2953, 3829]"
200,"[2953, 3829]"
200,"[2953, 3829]"
200,"[2953, 3829]"
200,"[2953, 3829]"
200,"[2953, 3829]"
200,"[2953, 3829]"
200,"[2953, 3829]"
200,"[2953, 3829]"
200,"[2953, 3829]"
200,"[2953, 3829]"
200,"[2953, 3829]"
200,"[2953, 3829]"
200,"[2953, 3829]"
200,"[2953, 3829]"
200,"[2953, 2838, 3768]"
200,"[2953, 2838, 3768]"
200,"[2953, 2838, 3768]"
200,"[2953, 2838, 3768]"
200,"[2953, 2838, 3768]"
200,"[2953, 2838, 3768]"
200,"[2953, 2838, 3768]"
200,"[2953, 2838, 3768]"
200,"[2953, 2838, 3768]"
200,"[2953, 2838, 3768]"
200,"[866, 2864]"
200,"[866, 2864]"
200,"[866, 2864]"
200,"[866, 2864]"
200,"[866, 2864]"
200,"[866, 2864]"
200,"[866, 2864]"
200,"[866, 2864]"
200,"[866, 2864]"
200,"[866, 2864]"
200,"[866, 2864]"
200,"[866, 2864]"
200,"[866, 2864]"
200,"[866, 2864]"
200,"[866, 2864]"
200,"[866, 2864]"
200,"[866, 2864]"
200,"[866, 2864]"
200,"[866, 2864]"
200,"[866, 2864]"
200,"[866, 2864]"
200,"[866, 2864]"
200,"[866, 2864]"
200,"[866, 2864]"
200,"[866, 2864]"
200,"[866, 2864]"
200,"[866, 2864]"
200,"[866, 2864]"
200,"[866, 2864]"
200,"[866, 2864]"
200,[3329]
200,[3329]
200,[3329]
200,[3329]
200,[3329]
200,[3329]
200,[3329]
200,[3329]
200,[3329]
200,[3329]
200,[3329]
200,[3329]
200,[3329]
200,[3329]
200,[3329]
200,[3329]
200,[3329]
200,[3329]
200,[3329]
200,[3329]
200,[3329]
200,[3329]
200,[3329]
200,[3329]
200,[3329]
200,[3329]
200,[3329]
200,[3329]
200,[1824]
200,[1824]
200,[1824]
200,[1824]
200,[1824]
200,[1824]
200,[1824]
200,[1824]
200,[1824]
200,[1824]
200,[1824]
200,[1824]
200,[1824]
200,[1824]
200,[1824]
200,[1824]
200,[1824]
200,[1824]
200,[1824]
200,[1824]
200,[1824]
200,[1824]
200,[1824]
200,[1824]
200,[1824]
200,[1824]
200,[1824]
200,[1824]
200,"[2565, 156]"
200,"[2565, 156]"
200,"[2565, 156]"
200,"[2565, 156]"
200,"[2565, 156]"
200,"[2565, 156]"
200,"[2565, 156]"
200,"[2565, 156]"
200,"[2565, 156]"
200,"[2565, 156]"
200,"[2565, 156]"
200,"[2565, 156]"
200,"[2565, 156]"
200,"[2565, 156]"
200,"[2565, 156]"
200,"[2565, 156]"
200,"[2565, 156]"
200,"[2565, 156]"
200,"[2565, 156]"
200,"[2565, 156]"
200,"[2565, 156]"
200,"[2565, 156]"
200,"[2565, 156]"
200,"[2565, 156]"
200,"[2565, 156]"
200,"[2565, 156]"
200,"[2565, 156]"
200,"[2565, 156]"
200,"[2565, 156]"
200,"[2565, 2838, 3768, 2067]"
200,[1113]
200,[1113]
200,[1113]
200,[1113]
200,[1113]
200,[1113]
200,[1113]
200,[1113]
200,[1113]
200,[1113]
